{
  "accuracy": 0.8611111111111112,
  "precision_weighted": 0.8674603174603175,
  "recall_weighted": 0.8611111111111112,
  "f1_weighted": 0.8603341103341103
}