{
  "accuracy": 0.5,
  "precision_weighted": 0.5189255189255189,
  "recall_weighted": 0.5,
  "f1_weighted": 0.5043223443223442
}